LOGIN_EMAIL,LOGIN_SENHA
john01@doe.com,123456
john02@doe.com,123456
john03@doe.com,123456
john04@doe.com,123456
john05@doe.com,123456
john06@doe.com,123456
john07@doe.com,123456
john08@doe.com,123456
john09@doe.com,123456
john10@doe.com,123456
john11@doe.com,123456
john12@doe.com,123456
john13@doe.com,123456
john14@doe.com,123456
john15@doe.com,123456
john16@doe.com,123456
john17@doe.com,123456
john18@doe.com,123456
john19@doe.com,123456
john20@doe.com,123456
john21@doe.com,123456
john22@doe.com,123456
john23@doe.com,123456
john24@doe.com,123456
john25@doe.com,123456
john26@doe.com,123456
john27@doe.com,123456
john28@doe.com,123456
john29@doe.com,123456
john30@doe.com,123456
john31@doe.com,123456
john32@doe.com,123456
john33@doe.com,123456
john34@doe.com,123456
john35@doe.com,123456
john36@doe.com,123456
john37@doe.com,123456
john38@doe.com,123456
john39@doe.com,123456
john40@doe.com,123456
john41@doe.com,123456
john42@doe.com,123456
john43@doe.com,123456
john44@doe.com,123456
john45@doe.com,123456
john46@doe.com,123456
john47@doe.com,123456
john48@doe.com,123456
john49@doe.com,123456
john50@doe.com,123456

